seed,n_train,n_test,test_positive_rate,rf_auroc,lr_auroc,difference,median_max_sim
1,1421,406,0.7586206896551724,0.8941989133315664,0.8690365756692289,0.025162337662337553,0.4583333333333333
2,1421,406,0.7413793103448276,0.9289511153298529,0.84671729156779,0.0822338237620629,0.46887109274089384
3,1421,406,0.8349753694581281,0.8845815171927971,0.8758420287940827,0.008739488398714412,0.36237373737373735
4,1421,406,0.7783251231527094,0.9054852320675106,0.7965189873417721,0.10896624472573857,0.4892161410018553
5,1421,406,0.7044334975369458,0.9215180652680652,0.9123543123543124,0.00916375291375282,0.46049896049896055
6,1421,406,0.7389162561576355,0.8864622641509433,0.8111949685534591,0.07526729559748424,0.45161290322580644
7,1421,406,0.8226600985221675,0.9366059547571522,0.8706129407850964,0.06599301397205581,0.5085631349782294
8,1421,406,0.7955665024630542,0.9172292886717147,0.8393449960834048,0.07788429258830987,0.5123929008567931
9,1421,406,0.7438423645320197,0.8933392766174224,0.8566766428935303,0.03666263372389211,0.43137254901960786
10,1421,406,0.6921182266009852,0.9489822064056941,0.8919715302491104,0.05701067615658373,0.49020715630885126
11,1421,406,0.8448275862068966,0.8681567865241335,0.8025359803785459,0.06562080614558763,0.4298029556650246
12,1421,406,0.7684729064039408,0.9235372340425532,0.8845301418439717,0.03900709219858145,0.3910544727636182
13,1421,406,0.7783251231527094,0.9272151898734177,0.8728727144866385,0.054342475386779165,0.4467611336032389
14,1421,406,0.7561576354679803,0.9030862369624585,0.8273122100483664,0.07577402691409207,0.47617697107203627
15,1421,406,0.7807881773399015,0.9071704533371141,0.8669407719845461,0.04022968135256799,0.3441295546558705
16,1421,406,0.7955665024630542,0.8397366556007311,0.8582938565407139,-0.01855720093998281,0.3578167115902965
17,1421,406,0.7610837438423645,0.8959396790444734,0.8334167417342274,0.06252293731024594,0.44315245478036175
18,1421,406,0.7783251231527094,0.9100210970464135,0.8673171589310831,0.042703938115330464,0.38298245614035087
19,1421,406,0.7487684729064039,0.8710494066047473,0.7688660990712073,0.10218330753353999,0.4594594594594595
20,1421,406,0.7660098522167488,0.893044508377052,0.8394144525300389,0.05363005584701308,0.4504901960784314
